,product_name
0,Essential Small Whole Chicken Without Giblets
1,Waitrose Crackling Pork Boneless Leg Roast
2,Essential British Chicken Large
3,No.1 Corn Fed Free Range Whole Chicken
4,Waitrose 2 British Lamb Leg Shanks
5,Duchy Organic Free Range British Whole Chicken
6,Essential British Medium Whole Chicken
7,Essential British Beef Topside Small
8,Waitrose British Extra Trimmed Rack of Lamb
9,Essential British Beef Topside Large
10,Waitrose British Lamb Half Leg
11,Duchy from Waitrose British Lamb Half Leg
12,No.1 Free Range Pork Fillet
13,Waitrose Whole British Chicken with Garlic and Herbs
14,Waitrose British Boneless Pork Loin Roast
15,Duchy from Waitrose British Beef Roasting Joint
16,Waitrose Stock Brined Whole British Chicken
17,No.1 Côte De Boeuf
18,Essential Unsmoked British Gammon Joint
19,Easy to Cook Butter Chicken Breast Joint
20,Gressingham Corn Fed Poussin
21,Essential British Chicken Extra Large
22,Waitrose Succulent Whole British Leg of Lamb
23,Gressingham Spatchcock Poussin Sea Salt & Pepper
24,Easy to Cook Gammon Joint with Maple Syrup Glaze
25,"Easy to Cook Lamb Joint with Redcurrant, Rosemary"
26,Essential Smoked British Gammon Joint
27,Waitrose Duchy Rack Of Lamb
28,Essential British Lamb Whole Shoulder
29,Waitrose Boneless Extra Trim British Half Leg Of Lamb
30,No.1 Free Range Guinea Fowl
31,Easy to Cook Whole Deboned Chicken with Honey
32,Waitrose Whole British Chicken with Pork Stuffing
33,Waitrose Hereford Beef Topside (Large)
34,British Pork Shoulder with Apple and Sage Stuffing
35,No.1 Dry Aged Sirloin of Beef Roasting Joint
36,No.1 Free Range Unsmoked English Gammon
37,Waitrose Hereford beef flat brisket
38,No.1 Free Range Smoked English Gammon
39,Waitrose Beef Top Rump with Horseradish Butter
40,Essential British Pork Shoulder Joint
41,Easy to Cook Whole Deboned Chicken with Tomato
42,Waitrose British Extra Trimmed Whole Boneless Leg
43,Waitrose Unsmoked Gammon Joint Dry Cured
44,Waitrose British Beef Meatloaf
45,Duchy from Waitrose British Lamb Leg Shanks
46,Waitrose Boneless Leg of British Lamb Garlic & Rosemary
47,Waitrose ETC Honey & Garlic Pork Shoulder
48,Duchy from Waitrose British pork Leg Crackling Joint
49,Waitrose British Unsmoked Gammon Joint
50,Waitrose Beech Smoked Gammon Joint
51,No.1 Pheasant Topped with Bacon
52,Waitrose British Venison Haunch Joint
53,No.1 Easy Carve Pheasant
54,No.1 Partridge Topped with Bacon
55,Waitrose Salt & Pepper Seasoned British Pork Belly
56,Waitrose British Veal Shoulder Joint
57,Waitrose British Whole Boneless Shoulder of Lamb
58,Denhay unsmoked gammon joint
59,Denhay smoked gammon joint
60,Waitrose British Beef Roasting Joint Horseradish Butter
61,Waitrose Aberdeen Angus Beef Sirloin Steak
62,Waitrose Aberdeen Angus beef rump steak
63,Essential British Beef Diced Braising Steak
64,Waitrose Lean Diced British Beef Braising Steak
65,Waitrose Aberdeen Angus Beef Lean Mince 10% Fat
66,Waitrose Aberdeen Angus Beef Lean Mince 5% Fat
67,Waitrose Aberdeen Angus Beef Meatballs
68,Waitrose beef rump stir fry steak
69,Waitrose Aberdeen Angus Beef Mince 15% Fat
70,Waitrose 4 Aberdeen Angus Beef Burgers Quarterpounders
71,Waitrose Aberdeen Angus beef Frying Steak
72,Waitrose British Beef Bone-In Sirloin
73,Waitrose British Beef Short Ribs
74,Waitrose 2 Rump Steak Burgers
75,Duchy from Waitrose British Beef Mince 10% Fat
76,Waitrose 12 Aberdeen Angus beef & black pepper chipolatas
77,Warrendale British Wagyu Beef Burgers
78,Waitrose Slow Cooked Beef Brisket
79,Waitrose Hereford Beef Mince 10% Fat
80,Gourmet Burger Kitchen 2 Gourmet Beef Burgers
81,No.1 Hereford Beef Sirloin Steak
82,Waitrose British Beef Ribeye
83,Waitrose Reduced Fat British Beef Burgers
84,Essential British Beef Mince 10% Fat
85,Waitrose hand cut extra trimmed beef fillet steak
86,Waitrose British Meatballs With Parmesan
87,Waitrose 2 Louisiana Beef Steaks
88,Waitrose 2 Hand Pressed Venison Burgers
89,Duchy from Waitrose British beef sirloin steak
90,Waitrose British Veal Escalopes
91,Essential British Beef Sirloin Steak
92,No.1 Hereford Beef Fillet Steak
93,No.1 British Venison Steaks
94,Duchy from Waitrose British beef fillet steak
95,Waitrose 2 British beef bavette steaks
96,Duchy from Waitrose British beef 4 burgers
97,Essential British Beef 4 Beefburgers
98,Waitrose 24 Hereford Beef Meatballs
99,Essential Britsh Beef Mince 20% Fat
100,Duchy from Waitrose British beef rib steak
101,Waitrose British bone marrow
102,Duchy from Waitrose British beef 20 meatballs
103,Waitrose Slow Cooked Salt Beef
104,No.1 British Calves Liver
105,Waitrose Reduced Fat British Beef Meatballs
106,Essential British Beef 20 Meatballs
107,Waitrose 4 Peppered Beef Burgers
108,No.1 Hereford Beef Rump Steak
109,Waitrose 2 Ribeye Beef Steaks & Bearnaise Butter
110,No.1 Dry Aged Hereford Steak Burgers
111,Waitrose British Veal Meatballs
112,Essential British Beef Rump Steak
113,Waitrose British Veal Burgers
114,Duchy from Waitrose British Beef Rump Steak
115,Waitrose Slow Cooked Veal With Madeira Sauce
116,Essential British Beef Diced Braising Steak
117,No.1 Rose Veal Sirloin Steak
118,Waitrose 2 Beef Rump Steaks with Chimichurri Butter
119,No.1 British Veal Fillets
120,Waitrose Slow Cooked Ox Cheeks with Red Wine
121,No.1 Côte de Veau
122,Easy to Cook Cheesy Beef Meatballs Tray Bake
123,Heston 2 Ultimate Beef Burgers
124,Essential British Beef Frying Steak
125,Waitrose Slow Cooked Beef Shin with Japanese BBQ Glaze
126,Essential British Beef Topside
127,Essential British Beef Rump Steaks
128,Waitrose Highland Beef Burgers 2 Hand Pressed
129,Essential British Beef Sirloin Steaks
130,Waitrose British Lamb Loin Fillet
131,Essential British lamb mince 20% fat
132,essential Waitrose 20 British Gluten Free Lamb Meatballs
133,Essential 4 British Lamb Burgers
134,Duchy from Waitrose British Lamb Loin Chops
135,Essential Frozen 2 British Lamb Shanks
136,Essential Frozen 20% Fat British Lamb Mince
137,Waitrose British 2 Lamb Loin Chops
138,Duchy from Waitrose British Lamb Leg Steaks
139,Essential British Lamb Neck Fillet
140,essential Waitrose British lamb Half Shoulder
141,essential Waitrose British lamb leg steaks
142,Waitrose 4 British Lamb Loin Chops
143,Essential British Lamb Chops
144,Waitrose Slow Cooked Lamb Kleftico
145,Duchy from Waitrose British Lamb Cutlets
146,Essential British Lamb Steaks
147,Waitrose Duchy British Lamb Mince
148,Easy to Cook Lamb Rumps with Mint & Vinegar Crust
149,essential Waitrose british lamb ribs
150,Waitrose Harissa Lamb Shanks
151,Waitrose 4 British Lamb Leg Steaks
152,Waitrose British lamb diced shoulder
153,Waitrose British Lamb diced leg
154,Waitrose British Lamb Leg Steaks
155,essential Waitrose stewing lamb
156,Waitrose Slow Cooked Lamb Shoulder with Marinade
157,Essential Frozen Half Shoulder of Lamb
158,Essential British Pork Belly Joint
159,Waitrose British Pork Belly Slices
160,No.1 Free Range Pork Medallions
161,Essential Pork Chops
162,Waitrose British Pork Fillet
163,Waitrose Pork Lean Mince Typically 5% Fat
164,Essential British Pork Mince 8% Fat
165,Waitrose Dry Cured 8 Unsmoked Back Bacon Rashers
166,Waitrose Dry Cured Smoked Back Bacon 8 Rashers
167,No.1 Free Range Beech Smoked Back Bacon
168,Easy To Cook Mozzarella Stuffed Pork Meatballs
169,No.1 Free Range 12 Chipolatas
170,Waitrose Dry Cured Smoked Streaky Bacon 12 Rashers
171,Waitrose 6 Cumberland Pork Sausages
172,Waitrose 6 British Pork & Caramelised Red Onion Sausages
173,No.1 6 Cumberland Pork Sausages
174,Waitrose 6 British Pork & Bramley Apple Sausages
175,Waitrose Unsmoked Dry Cured Streaky Bacon
176,Waitrose 6 Pork Sausages with Pepper & Nutmeg
177,Waitrose 12 Beech Smoked Dry Cured Back Bacon
178,Waitrose 12 Pork Chipolatas with Pepper & Nutmeg
179,Denhay dry cured streaky smoked bacon
180,Waitrose Extra Thick Cut Unsmoked Dry Cured Back Bacon
181,No.1 Free Range Beech Smoked Bacon Lardons
182,No.1 Free Range Unsmoked Gammon Steak
183,Waitrose 6 Lincolnshire Pork Sausages
184,No.1 Free Range Pork Sausages 6s
185,Waitrose 8 Medallions Smoked Extra Lean Bacon
186,Rankin selection pork sausages
187,Easy to Cook Pork Schnitzel
188,Waitrose Slow Cooked Miso Maple Pork
189,Denhay dry cured back unsmoked bacon
190,Waitrose 8 Unsmoked Lean Bacon Medallions
191,"Waitrose 6 British pork, leek and chive sausages"
192,Waitrose Sweet Cured Smoked Back Bacon with Maple Syrup
193,Denhay dry cured back smoked bacon
194,Waitrose 12 British Pork & Herb Chipolatas
195,Essential Unsmoked British Bacon 10 Rashers
196,No.1 Free Range Smoked Gammon Steak
197,Waitrose 6 Chorizo Sausages
198,Finnebrogue Naked Unsmoked Back Bacon
199,No.1 Free Range Unsmoked Bacon Lardons
200,Essential Unsmoked Bacon 6 Thick Back Rashers
201,Essential Smoked British Bacon 10 Rashers
202,Essential Smoked British Bacon 12 Streaky Rashers
203,Waitrose British Pork Loin Steaks
204,Denhay dry cured streaky unsmoked bacon
205,Essential British Pork 4 Shoulder Steaks
206,Unearthed Bratwurst
207,Waitrose British Pork Stir Fry Strips
208,Essential Smoked British Bacon 6 Thick Back Rashers
209,Essential Unsmoked Bacon 12 Streaky Rashers
210,Finnebrogue Naked Bacon 6 Smoked Back Rashers
211,Waitrose Slow Cooked Pork Shoulder
212,No.1 Free Range Unsmoked Back Bacon
213,Essential 8 British Pork Sausages
214,Waitrose Red Eye Pork Ribs
215,No.1 Free Range Pork Spare Ribs
216,"Easy to Cook Pork, Apple & Cider Vol-au-Vents"
217,Essential British Pork 12 Sausages
218,Easy to Cook Pork Medallion Flat Steaks
219,Waitrose 6 British Pork Toulouse Style Sausages
220,Essential 12 British Pork Chipolatas
221,Waitrose Triple Oak Smoked Streaky Bacon
222,No.1 Free Range 12 Pork Sausages
223,Essential British Pork Rack of Loin Ribs
224,Waitrose Duchy 6 British Pork Sausages
225,Heck 97% pork sausages
226,Waitrose British Thin Cut Pork Loin Steaks
227,Easy to Cook Pork and Chorizo Burgers
228,No.1 Lincolnshire Pork Sausages 6s
229,Denhay Wiltshire Cure Thick Smoked Back Bacon
230,Waitrose Duchy 12 British pork chipolatas
231,Waitrose 18 Pork Cocktail Sausages with Pepper & Nutmeg
232,Essential Unsmoked British 2 Gammon Steaks
233,Finnebrogue Naked Unsmoked Streaky Bacon
234,Naked 6 Unsmoked Bacon Medallions
235,essential Waitrose British Bacon Smoked Lardons
236,Jolly Hog 6 British Pork Sausages
237,Waitrose Duchy dry cured back rashers unsmoked
238,Waitrose Duchy 6 British Pork Sausages with Herbs
239,Waitrose Duchy Free Range Dry-Cured Back Bacon Smoked
240,Naked 12 Smoked Streaky Bacon Rashers
241,Waitrose 8 Honey & Rosemary Pork Chipolatas in Bacon
242,Finnebrogue Naked Pork Sausages
243,Essential British Bacon Unsmoked Lardons
244,Waitrose Duchy Free Range British Pork Chops
245,Waitrose Duchy Free Range British Pork 20 Meatballs
246,No.1 Beech Smoked Streaky Bacon
247,Essential 2 British Smoked Gammon Steaks
248,Cauldron 6 Lincolnshire Vegetarian Sausages
249,Waitrose Pork Sausagemeat Stuffing with Pepper & Nutmeg
250,Goikoa Chorizo De Navarra
251,Cauldron 6 Cumberland Vegetarian Sausages
252,Waitrose Spanish Chorizo de Navarra 60 Slices
253,Unearthed Cooking Chorizo de Leon
254,Waitrose Chorizo Ring
255,Waitrose German Smoked Salami 15 Slices
256,Cooks' Ingredients Chorizo
257,Cooks' Ingredients Diced Chorizo
258,Heck 10 Chicken Italia Sausages
259,Waitrose Italian Napoli Salami 14 Slices
260,Waitrose Cocktail Sausages in Bacon 16s
261,Waitrose Vegan Mushroom & Leek Bangers
262,Good Little Company 6 Great Skinny Sausages
263,Good Little Company Good Little Sausages 12s
264,Waitrose 10 British Pork Sausages
265,Pajariel Chorizo de León
266,essential Waitrose British Pork 30 Cocktail Sausages
267,Artysán Chorizo Puchero
268,Quorn Best of British Sausages
269,Musks 6 Newmarket sausages
270,Marcos Sarta de Chorizo Ibérico
271,Moving Mountains 2 Plant-Based Sausage Burgers
272,Heck The Beet Goes On Sausages
273,Musk's 6 Newmarket sausages gluten free
274,Linda McCartney's Vegetarian Sausages
275,Heck Simply Chicken Sausages 10s
276,Heck Meat Free Sausages
277,Powters 6 Newmarket pig sausages
278,Powters 12 Pigolatas
279,Powters 6 skinny pig sausage
280,Powters 6 cider & sage sausage
281,Powters 6 Chilli Pig Sausages
282,Easy to Cook Gammon Steaks Pineapple & Mango
283,Oakpark Smoked Turkey Breast Rashers
284,No.1 Free Range Unsmoked Streaky Bacon
285,Waitrose Slow Cooked Gammon Shank
286,Easy to Cook Honey Mustard Gammon
287,No.1 Gloucester Old Spot Unsmoked Back Bacon
288,Duchy Free Range Dry Cured Smoked Streaky Bacon
289,Naked Smoked Bacon Lardons
290,Waitrose Smoked British Bacon Bits
291,No.1 Free Range Beech Smoked Bacon Medallions
292,Wicks Manor Dry Cured Smoked Back Bacon
293,Wicks Manor Dry Cured Unsmoked Back Bacon
294,Waitrose Venison Frying Steaks
295,No.1 Corn Fed Chicken Breast Fillets 4s
296,Duchy 4 Free Range British Chicken Breast Fillets
297,No.1 Corn Fed Chicken Breast Chunks
298,Waitrose 2 Venison Grill Steaks
299,Waitrose Duchy free range British pork fillet
300,No.1 Free Range Pork Leg Escalopes
301,Unearthed Iberico Presa Free Range Pork
302,Unearthed Iberico Lomo Free Range Pork
303,No.1 Game Casserole
304,Waitrose British Veal Mince
305,No.1 Pheasant Breast Fillets
306,Waitrose Venison Mince
307,No.1 Partridge Breast Fillets
308,Waitrose Hand Rolled Venison Meatballs
309,Waitrose Diced British Venison
310,No.1 British Venison Liver
311,Waitrose British Diced Veal
312,Waitrose Venison Shoulder Steaks with Chocolate Butter
313,No.1 Pheasant Breast Joint
314,No.1 Venison Rump Steak Chocolate Butter
315,Easy to Cook Salmon Fishcakes Sweet Chilli Sauce
316,Easy to Cook Cod Fish Cakes with Cheddar Filling
317,Easy to Cook Beef Grillsteaks with Cheddar
318,Easy To Cook Salmon en Croutes with Watercress
319,Waitrose Scottish Salmon Fillets with Miso
320,Waitrose Lightly Smoked Salmon Rarebit
321,Easy to Cook Steak Diane
322,Easy to Cook Teriyaki Beef
323,Easy to Cook Lincolnshire Sausage Casserole
324,Easy to Cook Mini Chicken Breast Joint
325,"Easy to Cook Ginger, Coriander, Lime Chicken Breasts"
326,Easy to Cook Cajun Chicken Breasts
327,Easy to Cook Chicken Breasts with Cheese & Bacon
328,Easy to Cook Lemon & Pepper Chicken Breasts
329,Easy to Cook Garlic & Herb Chicken Breasts
330,Easy To Cook Chicken Schnitzel Middle Eastern Spice
331,Easy to Cook Thai Sweet Chilli Chicken Escalopes
332,Easy To Cook Lemon & Thyme Chicken Escalopes
333,Easy to Cook Chicken Parmigiana
334,Easy To Cook Chicken Asparagus & Prosciutto
335,Easy To Cook Chicken Kiev with Garlic Butter
336,Easy to Cook Lemon & Thyme Spatchcock Chicken
337,Easy to Cook Leek & Wensleydale Chicken Breasts
338,Easy to Cook Hunters Chicken Hasselback
339,Easy to Cook Coq Au Vin
340,Easy to Cook Sundried Tomato & Mozzarella Chicken
341,Easy to Cook Sesame & Miso Half Chicken
342,Easy to Cook Tandoori Chicken with Bombay Potatoes
343,Easy to Cook Lightly Spiced Harissa Chicken
344,Easy To Cook Spinach & Ricotta Chicken
345,Waitrose Peppercorn Sauce
346,Waitrose Hollandaise Sauce
347,Waitrose tartare sauce
348,Cook's ingredients a ladle of chicken stock
349,Cooks' ingredients vegetable stock
350,Heston from Waitrose chicken stock
351,Waitrose Chicken Gravy
352,Heston from Waitrose beef stock
353,Cooks' ingredients Beef Stock
354,Waitrose Red Wine & Shallot Sauce
355,Waitrose Cooks' Ingredients Fish Stock
356,Waitrose Watercress Sauce
357,Waitrose Beef Gravy
358,Heston from Waitrose finishing jus for beef
359,Cooks' ingredients Beef Stock
360,Waitrose Lamb Gravy
361,Tanya's Just Real Teriyaki Malarkey Sauce
362,Waitrose Béarnaise sauce
363,Essential Gravy
364,Cooks' ingredients lamb stock
365,Heston from Waitrose Mushroom & Gin Sauce
366,No.1 Demi-Glace Meat Stock
367,Heston from Waitrose Bone Marrow Sauce
368,Waitrose Cooks' Ingredients Vegetable Stock
369,Waitrose Onion Gravy
370,Waitrose 6 Yorkshire Puddings
371,Waitrose 4 Yorkshire Puddings
372,Aunt Bessie's 10 Golden Yorkshires
373,Waitrose 8 Yorkshire Puddings
374,Waitrose Sage & Onion Stuffing
375,Cook's ingredients soft white bread crumbs
376,Waitrose Frozen 4 Large Yorkshire Puddings
377,Waitrose Frozen 12 Yorkshire Puddings
378,The Real Yorkshire Pudding Co 4 Large Gluten Free Puddings
379,Waitrose Slow Cooked Memphis Ribs
380,Waitrose Slow Cooked Barbecue Pork
381,Waitrose Slow Cooked Pork Belly
382,Waitrose Slow Cooked Turkey With Gravy
383,Waitrose Slow Cooked Mexican Pork Pibil
384,Waitrose Slow Cooked Chicken Legs with Mushroom Sauce
385,Waitrose Slow Cooked Tennessee Pork
386,Waitrose Slow Cooked Wild Boar Ragu
387,Essential British Chicken Mini Breast Fillets
388,Essential British Chicken 2 Breast Fillets
389,Waitrose 2 Chicken Kievs with Garlic and Parsley Butter
390,Duchy 2 Free Range British Breast Fillets
391,Essential Chicken Breast Chunks
392,Waitrose British Chicken Pork & Apple Stuffed Thighs
393,Waitrose Southern Fried Breaded Mini Fillets
394,Waitrose Salt & Pepper Breaded Mini Fillets
395,Waitrose 2 British Four Cheese & Ham Chicken Breast Kievs
396,Essential British Chicken Breast Fillets
397,Essential British Chicken Thigh Fillets
398,"Waitrose British Chicken Mango, Coconut Lime Strips"
399,Essential British Chicken Thighs
400,Essential British Chicken Thigh Fillets
401,Waitrose British Chicken Spicy Tikka Marinated Chunks
402,Duchy Organic 4 British Chicken Thighs
403,Waitrose Southern Fried Drumsticks & Thighs
404,Essential Chicken Breast Fillets
405,Waitrose British 2 Roast Chicken Breast Fillets
406,Waitrose 2 Garlic & Lemon Chicken Breast Fillets
407,Waitrose British Whole Roast Chicken
408,Essential British Chicken Legs
409,Waitrose British Chicken Moroccan Style Breast Chunks
410,No.1 Corn Fed Chicken Breast Fillets 2s
411,Waitrose Green Thai Marinated Chicken Breast Chunks
412,Essential British Chicken Wings
413,Waitrose 2 British Cooked Skinless Chicken Breasts
414,Waitrose British Chicken Sweet Chilli Mini Fillets
415,Waitrose Chicken Hot & Spicy Breaded Mini Fillets
416,No.1 Corn Fed Chicken Thighs
417,Waitrose British Chicken Cajun Breast Fillets
418,Waitrose British 4 Roast Chicken Breast Fillets
419,Duchy Organic British Chicken Thigh Fillets
420,Duchy 4 Free Range British Chicken Drumsticks
421,Duchy Organic British Chicken Mini Fillets
422,Waitrose British Cooked Chicken Flamegrilled Pieces
423,Waitrose British Skinless Chicken Breast Slices
424,Waitrose British Roast Chicken Thighs
425,No.1 Corn Fed Chicken Thigh Fillets
426,Essential Breaded Chicken Breast Goujons
427,Waitrose British Cooked Chicken Flamegrilled Pieces
428,essential Waitrose 2 garlic breaded chicken kievs
429,Waitrose Gluten Free Breaded Chicken Mini Breast Fillets
430,Waitrose 4 chicken wings
431,Duchy Organic British Chicken Livers
432,Essential British Chicken Livers
433,Waitrose Duchy Free Range Chicken Breast Chunks
434,No.1 Corn Fed Lean & Tender Chicken Mini Fillets
435,Essential British Chicken Drumsticks
436,No.1 Corn Fed Chicken Drumsticks
437,Duchy Free Range British Chicken Drum Fillets
438,Essential British Breaded Chicken Pops
439,No.1 Corn Fed Boneless Chicken Drum Fillets
440,Essential Breaded British Chicken Breast Goujons
441,No.1 Free Range Corn Fed Chicken Livers
442,Essential 4 British Breaded Chicken Steaks
443,Waitrose British Chicken Sweet & Smokey Wings
444,Essential Southern Fried Chicken Goujons
445,Waitrose British Roast Chicken Drumsticks
446,Waitrose British 2 Roast Chicken Leg Quarters
447,Waitrose Slow Cooked Chicken Legs in Rich Red Wine Sauce
448,Heck Chicken Italia Burgers
449,Vivera Plant Garlic Kiev
450,Heck Simply Chicken Burgers
451,Gressingham Duck Burgers
452,Gressingham 4 Turkey Burgers
453,Essential British Turkey Breast Mince
454,Essential British Turkey Breast Strips
455,Essential British Turkey Thigh Mince
456,Essential British Turkey Breast Steaks
457,Gressingham Stir Fry Duck Breast
458,Gressingham Half Aromatic Crispy Duck
459,Gressingham duck legs
460,Gressingham 2 Duck Breast Portions
461,Gressingham Duck Breasts
462,Gressingham Duck Breasts in Plum Sauce
463,Gressingham Duck À L'Orange
464,Gressingham Bistro Duck Legs with Orange & Maple
465,Gressingham Roast in the Bag Duck
466,Gressingham Bistro Duck Breasts in Orange
467,Gressingham Duck Confit
468,Gressingham Duck Crown
469,Gressingham whole crispy aromatic duck with pancakes
470,Waitrose 2 Wild Alaskan Keta Salmon Fillets
471,Waitrose 2 Scottish Salmon Fillets
472,Waitrose Duchy 2 Salmon Fillets
473,Waitrose 2 Scottish Salmon Tail Fillets
474,No.1 Gravadlax
475,No.1 Wild Alaskan Sockeye Salmon Fillets 2s
476,Waitrose 6 Lemon & Herb Salmon Mini Burgers
477,No.1 Scottish Prime Fillet of Salmon
478,Waitrose Lightly Smoked Scottish Salmon Fillets
479,Waitrose South African Hake Fillets
480,Waitrose 4 Scottish Salmon Fillets
481,Waitrose poached Scottish salmon fillets
482,Waitrose Hot Smoked Salmon with Sweet Chilli
483,Waitrose Lemon Herb Poached Scottish Salmon Fillets
484,Waitrose 2 Salmon Fillets with Spinach Kale & Lemon Pesto
485,Waitrose Salmon Fillets in Chilli & Tomato Marinade
486,No.1 Wild Alaskan Sockeye Salmon
487,Waitrose 2 Salmon Fillets Miso & Maple Glaze
488,Waitrose Skinless Salmon Fillet
489,Waitrose 2 Salmon Fillets in Thai Marinade
490,Waitrose Mild Scottish Oak Smoked Salmon
491,No.1 Scottish Smoked Salmon Peat & Heather
492,John Ross Scottish Smoked Salmon
493,Leap Wild Alaskan Smoked Keta
494,Waitrose Boneless Hot Smoked Mackerel Fillets
495,Essential Smoked Kipper Cutlets & Butter
496,Essential Smoked Mackerel Fillets
497,Ghillie & Glen Scottish Smoked Salmon
498,Waitrose 6 Smoked Salmon Terrine Slices
499,Waitrose peppered smoked mackerel fillets
500,Leap Smoked Sockeye Salmon
501,Waitrose Wild Alaskan Smoked Salmon
502,Waitrose Sweet Red Pepper Smoked Mackerel
503,Loch Fyne Classic Scottish Smoked Salmon Long Sliced
504,No.1 Chestnut Smoked Scottish Salmon
505,Waitrose Hot Smoked Scottish Salmon Slices
506,Waitrose Duchy Mild Smoked Salmon
507,Waitrose Kiln Roasted Scottish Salmon Flakes
508,Waitrose Mild Smoked Trout
509,Waitrose Mild Scottish Smoked Salmon Pieces
510,Waitrose Hot Smoked Rainbow Trout Fillets
511,Waitrose Poached Salmon Mousses
512,Inverawe smoked Scottish salmon
513,Heston from Waitrose Lapsang Souchong Tea Smoked Salmon
514,H.Forman & Son Smoked Scottish Salmon
515,Loch Fyne Bradan Orach Cold Smoked Salmon
516,Waitrose Honey & Soy Hot Smoked Mackerel
517,Waitrose Smoked & Poached Salmon Terrines
518,Waitrose 2 Smoked Salmon Cheesecakes
519,John Ross smoked Scottish sliced salmon
520,H. Forman & Son Royal Fillet of Scottish Salmon
521,Hebridean Scottish Peat Smoked Salmon
522,Hebridean Scottish Whisky Barrel Oak Smoked Salmon
523,Essential Cooked King Prawns ASC
524,Waitrose North Atlantic Prawns MSC
525,Waitrose Duchy Raw King Prawns
526,Waitrose Scottish Mussels in White Wine and Cream
527,Waitrose Prawn Cocktail
528,Essential Raw King Prawns ASC
529,Waitrose Extra Large King Prawns ASC
530,Waitrose Reduced Fat Prawn Cocktail
531,Waitrose Cooked & Peeled Crayfish Tails
532,Waitrose Extra Large King Prawns ASC
533,Seafood & eat it handpicked white Crab
534,No.1 Madagascan Tiger Prawns
535,Waitrose Duchy Organic Cooked King Prawns
536,Seafood & Eat It Fifty Fifty Crab
537,Essential Seafood Sticks
538,Waitrose Extra Large King Prawns ASC
539,Heston from Waitrose Bloody Mary Prawn Cocktail
540,No.1 Madagascan Crevettes
541,Fisherman Brown Shrimp
542,Essential Cooked Peeled Prawns
543,Waitrose Scottish Mussels in Garlic Butter
544,Marine gourmet potted shrimps brown
545,Waitrose Scallops
546,Waitrose 2 Seafood Shells
547,Waitrose King Prawns in Coriander & Chilli
548,Waitrose King Prawns in Lemon Garlic and Parsley
549,Seafood & Eat It Potted Crab with Brown Shrimp
550,Seafood & Eat It Handpicked Brown Crab
551,Waitrose Orkney Crab Layered with Egg
552,Elsinore lumpfish caviar
553,Waitrose 4 Dressed Crab
554,Waitrose Cooked Scottish Mussels
555,Elsinore Salmon Caviar
556,Big & Happy Raw Peeled Jumbo Borneo Tiger Prawns
557,Waitrose King Prawns & Cocktail Sauce
558,Arenkha Selection Faux Caviar
559,Prunier Caviar
560,Prunier Caviar
561,Waitrose 2 Sea Bass Fillets
562,Waitrose 2 Sea Bream Fillets
563,Waitrose 4 Sea Bass Fillets
564,Hooked Boneless Hot Smoked Sea Bass Fillets
565,Waitrose 2 Sea Bass Fillets Rocket Pesto Butter
566,Waitrose 2 Sea Bass Stuffed Tomatoes & Olives
567,"Waitrose Sea Bass Fillets, Coriander, Lime & Chilli"
568,New England Seafood 6 Sea Bream Fillets
569,Fish Said Fred 2 Big Fillets of Sea Bass
570,New England Seafood 2 Whole Sea Bass
571,Waitrose Breaded Chunky Cod
572,Waitrose Gluten Free Breaded Chunky Cod
573,No.1 Icelandic Cod Loin
574,Waitrose Cod Fillets MSC
575,Waitrose Smoked Haddock Fillets MSC
576,New England Seafood Wild Alaska Pollock Loins
577,Waitrose Haddock Fillets MSC
578,Waitrose Bubbly Battered Cod
579,Waitrose Bubbly Beer Battered Scottish Haddock
580,No.1 Smoked Haddock Loins
581,Waitrose Breaded Chunky Haddock
582,Essential Breaded Cod
583,No.1 Halibut Fillets
584,No.1 British Monkfish Chunks
585,Fisherman's Choice Halibut Fillets
586,Fisherman's Choice British Monkfish Chunks
587,Waitrose 2 Albacore Tuna Steaks
588,No.1 2 Yellowfin Tuna Steaks
589,Waitrose Diced Yellow Fin Tuna
590,Waitrose 2 Scottish Loch Trout Fillets
591,Waitrose English Rainbow Trout Fillets
592,Elsinore Herring in Dill Marinade
593,Elsinore Herring in Sweet & Spicy Marinade
594,Waitrose 6 Chunky Cod Fish Fingers
595,Waitrose Lightly Dusted Lemon Sole
596,Waitrose Wholetail Breaded Scampi
597,Waitrose Breaded Plaice
598,Waitrose Cod & Parsley Sauce Fishcakes
599,"Waitrose Smoked Haddock, Cheddar Fishcakes"
600,"Waitrose Salmon, Rocket & Watercress Fishcakes"
601,Waitrose Prawn & Sweet Potato Fishcakes
602,Waitrose Lightly Dusted Plaice
603,Waitrose Breaded Lemon Sole Goujons
604,Essential Smoked Haddock Fishcakes
605,Waitrose 8 Mini Thai Spiced Prawn Fishcakes
606,Waitrose Breaded Calamari
607,Seachill 4 Chunky Breaded Haddock Fillets
608,"Waitrose Cod, Salmon and Smoked Haddock"
609,Waitrose 16 Cocktail Blinis
610,Waitrose 36 Canape Blinis
611,Essential Semi Skimmed Milk
612,Essential Semi Skimmed Milk
613,Essential Skimmed Milk
614,Cravendale Semi-Skimmed Milk
615,Essential Whole Milk
616,Essential Skimmed Milk
617,Waitrose Duchy Semi Skimmed Milk
618,Benecol No Added Sugar Original Yogurt Drinks
619,Waitrose Duchy Semi-Skimmed Milk
620,Waitrose Filtered Semi Skimmed Milk
621,Essential Whole Milk
622,Cravendale Fresh Filtered Semi-Skimmed Milk
623,Alpro Roasted Almond Unsweetened Drink
624,Benecol No Added Sugar Raspberry Yogurt Drinks
625,Essential Semi Skimmed Milk
626,Alpro Organic Soya No Sugars Long Life Drink
627,Cravendale Skimmed Milk
628,Actimel Blueberry Yogurt Drinks
629,Arla Lactofree Semi Skimmed Milk Drink
630,Alpro Oat Unsweetened Drink
631,Duchy from Waitrose traditional whole milk
632,Benecol Blueberry Yogurt Drinks
633,Oatly! Oat Drink Barista Edition
634,Actimel 0% Fat 0% Added Sugar Original Drinks
635,Bio-tiful Kefir 500ml
636,Waitrose Duchy Skimmed Milk
637,Cravendale Whole Milk
638,Benecol No Added Sugar Peach Apricot Yogurt Drinks
639,Yeo Valley fresh semi-skimmed milk
640,Actimel Strawberry Yogurt Drinks
641,Duchy from Waitrose Whole Milk
642,Yeo Valley Semi-Skimmed Milk
643,Benecol Strawberry Yogurt Drinks
644,Alpro Almond No Sugars Roasted Chilled Drink
645,Essential Semi-Skimmed Long Life Milk
646,Actimel 0% Fat 0% Added Sugar Strawberry Drinks
647,Plenish Organic Almond Unsweetened Drink
648,Arla B.O.B Skimmed Milk
649,Alpro Soya Long Life Drink
650,Alpro Oat Long Life Drink
651,Waitrose Goats Milk Semi-Skimmed
652,Essential Soya Drink Unsweetened
653,Waitrose Duchy Skimmed Milk
654,Yakult
655,Actimel Vanilla Yogurt Drinks
656,Benecol Mango & Passionfruit Yogurt Drinks
657,Benecol No Added Sugar Pomegranate Yogurt Drinks
658,Alpro Soya No Sugars Long Life Drink
659,Oatly! Oat Drink Semi
660,Essential Whole Milk
661,Waitrose Filtered Whole Milk
662,Benecol Dairy Free Tropical Fruit Soya Yogurt Drinks
663,Yakult Light Drinks
664,Alpro Soya Chilled Drink
665,Cravendale Fresh Filtered Whole Milk
666,Waitrose Duchy Organic Whole Milk
667,Yeo Valley Whole Milk
668,Oatly! Oat Drink Whole
669,Alpro Almond No Sugars Unroasted Long Life Drink
670,Plenish Organic Oat Unsweetened Drink
671,Essential Semi-Skimmed Long Life Milk
672,Essential Skimmed Long Life Milk
673,Alpro Coconut Long Life Drink
674,Oatly longlife dairy free oat alternative to milk
675,Minor Figures Organic Oat M*lk Barista Standard
676,Alpro Soya No Sugars Chilled Drink
677,Alpro Organic Almond No Sugars Long Life Drink
678,Waitrose Goats Milk Full Cream
679,Arla Lactofree Skimmed Drink
680,Yeo Valley fresh whole milk
681,Actimel Multifruit Yogurt Drinks
682,Alpro Soya Light Drink
683,Graham's Gold Top Original Jersey Milk
684,Arla Organic Kefir Natural
685,Minor Figures Oat M*lk Drink Barista Standard
686,Alpro Oat No Sugars Chilled Drink
687,Arla Lactofree Whole Dairy Drink
688,Essential skimmed milk
689,Graham's Gold Smooth Full Cream Jersey Milk
690,Alpro Soya Light Chilled Drink
691,Alpro Hazelnut Drink
692,Essential Whole Long Life Milk
693,Essential Skimmed Long Life Milk
694,Rude Health Chilled Organic Almond Drink
695,Oatly! Organic Oat Drink
696,Essential Soya Drink Original
697,Moo Organic Semi Skimmed Milk
698,Waitrose Gut Health Mango & Passionfruit Kefir Drink
699,Alpro Rice Long Life Drink
700,Biotiful Dairy Organic Kefir Drink Natural
701,Biotiful Dairy Kefir Drink Blackcurrant
702,Rude Health Almond Organic Drink
703,Plenish Organic Coconut Unsweetened Drink
704,Actimel 0% Fat 0% Added Sugar Original Drinks
705,Blue Diamond Almond Breeze Unsweetened Drink
706,Alpro Soya Vanilla Long Life Drink
707,Alpro Cashew Long Life Drink
708,Alpro Coconut & Almond Long Life Drink
709,Plenish Organic Cashew Unsweetened Drink
710,Alpro Soya Chocolate Long Life Drink
711,Marvel Original Dried Skimmed Milk
712,Rude Health Chilled Organic Coconut Drink
713,Arla Lactofree Semi Skimmed Long Life Milk Drink
714,Oatly! Oat Drink Chocolate
715,Plenish Organic Hazelnut Unsweetened Drink
716,Rude Health Chilled Organic Oat Drink
717,Alpro Growing Up Soya Drink 1-3+ Years
718,Delamere Dairy UHT Semi-Skimmed Goat's Milk
719,Dream Rice Drink
720,Rude Health Coconut Organic Drink
721,Rude Health Oat Organic Drink
722,Koko Coconut Unsweetened Drink
723,Alpro Soya Chocolate Drink
724,Rude Health Chilled Organic Soya Drink
725,Rice Dream Original
726,Rude Health Brown Rice Organic Drink
727,Rude Health Ultimate Almond Unsweetened Drink
728,Alpro Coconut No Sugars Long Life Drink
729,Good Hemp Seed Milk
730,MOMA Oat Original Unsweetened Drink
731,MOMA Oat Barista Edition Unsweetened Drink
732,Blue Diamond Almond Breeze Barista Blend Drink
733,Rude Health Barista Almond Organic Drink
734,Rude Health Hazelnut Organic Drink
735,Alpro Soya Strawberry Drink
736,Koko Original Coconut Drink
737,Rude Health Barista Oat Organic Drink
738,Sproud Barista
739,Sproud Original Drink Unsweetened
740,Alpro Cacao Oat Drink
741,Vita Coco Original Coconut Water
742,Pure Dairy Free Sunflower Spread
743,Arla Lactofree Spreadable
744,Alpro Soya Long Life Alternative to Single Cream
745,Biomel Dark Choc Coconut Milk Shot
746,Alpro Oat Chilled Drink
747,Alpro Almond Chilled Drink
748,Koko Original Coconut Drink
749,Innocent Dairy Free Almond Unsweetened Drink
750,Alpro Coconut Chilled Drink
751,Biomel Natural Coconut Milk Shot
752,Innocent Dairy Free Hazelnut Unsweetened Drink
753,Innocent Dairy Free Coconut Unsweetened Drink
754,Alpro soya single
755,Vitalite Dairy Free Spread
756,Califia Farms Almond Drink Unsweetened
757,Alpro Hazelnut Chilled Drink
758,Alpro Coconut & Almond Chilled Drink
759,Rebel Kitchen Organic Mylk Shake Chocolate
760,Oatly! Oat Drink Skinny
761,Plenish Almond Unsweetened Fortified Drink
762,Plenish Oat Unsweetened Fortified Drink
763,Rebel Kitchen Organic Mylk Shake Chocolate Hazelnut
764,Blue Diamond Almond Breeze Unsweetened Drink
765,Rebel Kitchen Mylk Semi Skimmed Drink
766,Alpro My Cuppa Soya Chilled Drink
767,Innocent Dairy Free Oat Unsweetened Drink
768,Rebel Kitchen Organic Mylk Shake Coffee
769,Oatly! Whippable Vanilla Custard
770,Plenish Cashew Unsweetened Fortified Drink
771,Rebel Kitchen Mylk Whole Drink
772,Vita Coco Coconut Milk Drink Original Unsweetened
773,Vita Coco Cold Brew Coffee with Coconut Milk
774,Alpro Absolutely Oat Plain
775,Califia Farms XX Espresso Cold Brew Coffee with Almond
776,Califia Farms Mocha Noir Cold Brew Coffee with Almond
777,Essential Unsalted Dairy Butter
778,Lurpak Butter Slightly Salted
779,Essential Salted Dairy Butter
780,Anchor Spreadable
781,Bertolli Spread with Olive Oil
782,Lurpak Butter Unsalted
783,Lurpak Spreadable Slightly Salted
784,Benecol Buttery Taste Spread
785,Président Spreadable Unsalted
786,Yeo Valley Buttery & Spreadable
787,Clover Spread
788,Anchor Butter
789,Waitrose Duchy English Salted Butter
790,Bertolli Light Spread
791,Yeo Valley Butter Unsalted
792,Waitrose French Butter With Sea Salt Crystals
793,Benecol Light Spread
794,Benecol Olive Oil Spread
795,Kerrygold pure Irish butter
796,Lurpak Spreadable Lighter
797,Anchor Lighter Spreadable
798,Président Spreadable Slightly Salted
799,Stork
800,Yeo Valley Butter Salted
801,Clover Light Spread
802,Country Life Salted Butter
803,Lurpak Butter Box
804,Country Life Spreadable
805,Country Life Spreadable
806,Jus-Rol Puff Sheet
807,Jus-Rol Puff Pastry Block
808,Flora ProActiv Light Spread
809,Lurpak Spreadable Unsalted
810,Kerrygold Pure Irish Butter Softer
811,Stork
812,Président Spreadable Slightly Salted
813,Utterly Butterly Spread
814,Président Butter with Sea Salt Crystals
815,Lurpak Spreadable Slightly Salted
816,St. Helen's Farm Goats Butter
817,Lurpak spreadable slightly salted
818,Essential Olive Spread
819,Flora Original Spread
820,Flora Buttery Spread
821,Guernsey Dairy Guernsey Butter Salted
822,Jus-Rol Shortcrust Pastry Block
823,Isigny Ste-Mère Unpasteurised Salted Butter
824,The Butter Works Cornish Butter with Sea Salt
825,Just Lard
826,Lescure unsalted butter French
827,Flora Light Spread
828,Jus-Rol All Butter Puff Sheet
829,Cooks' Ingredients Goose Fat
830,Trex
831,Jus-Rol Filo Pastry Sheets
832,Benecol Buttery Taste Spread
833,Naturli' Vegan Spreadable
834,Kerrygold unsalted butter
835,Jus-Rol Gluten Free Puff Pastry
836,Jus-Rol Shortcrust Sheet
837,Country Life Unsalted Butter
838,Lurpak spreadable lighter
839,Flora ProActiv Buttery Taste Spread
840,Lurpak Spreadable Lighter Unsalted
841,Jus-Rol Cinnamon Swirls x6
842,Country Life Lighter Spreadable
843,Clarence Court Liquid Egg White
844,Isigny Ste Mère unsalted butter AOP beurre de baratte
845,Cooks' Ingredients beef dripping Aberdeen Angus
846,Naturli' Vegan Block
847,Pure Dairy Free Olive Spread
848,Jus-Rol Pains au Chocolat x6
849,The Butterworks Softer Butter
850,Jus Rol Sourdough Pizza Base
851,Country Life Spreadable
852,Lurpak Softest Slightly Salted
853,Lurpak Spreadable Lighter with Olive Oil
854,Bespoke Foods Goose Fat
855,East End Pure Butter Ghee
856,Britannia Beef Dripping
857,Benecol Light Spread
858,Jus-Rol Croissants x6
859,Bespoke Foods Duck Fat
860,Gressingham duck fat
861,Clarence Court Liquid Egg Whole
862,Jus-Rol Tear & Share Garlic and Herbs
863,Essential Free Range White Eggs
864,Waitrose Eggs British Blacktail Free Range Large
865,Waitrose Eggs British Blacktail Free Range Large
866,Waitrose Free Range Mixed Size Eggs British Blacktail
867,Clarence Court Large Burford Browns Free Range Eggs
868,Waitrose British Blacktail Free Range Medium Eggs
869,Waitrose Duchy British Free Range Eggs Large
870,Waitrose Duchy British Free Range Eggs Medium
871,Clarence Court Burford Brown Medium
872,Waitrose Duchy British Free Range Eggs
873,No.1 Longstock Gold Eggs
874,Waitrose British Blacktail Free Range Very Large Eggs
875,Clarence Court Burford Browns Very Large
876,Clarence Court Ready to Eat Quail Eggs
877,Waitrose British Blacktail Free Range Omega 3 Rich Eggs
878,Clarence Court Old Cotswold Legbar Large
879,Range Farm Large Free Range Hen Eggs
880,Clarence Court Braddock Whites Free Range Duck Eggs
881,Duchy from Waitrose British free range eggs very large
882,Clarence Court Leghorn Whites Free Range Eggs
883,Clarence Court quail eggs
884,OGGS Aquafaba Egg Substitute
885,Stonegate eggs large double yolk
886,Clarence Court Traditional Breed Pullet Eggs
887,Range Farm Free Range Hen Eggs Mixed Size
888,Clarence Court Hand Selected Free Range Eggs
889,Clarence Court Quail Eggs with Black Truffle
890,Burford Free Range Medium Brown Eggs
891,Essential Double Cream
892,Essential Double Cream
893,Waitrose Half Fat French Crème Fraîche
894,Essential British Crème Fraîche
895,Essential Single Cream
896,Essential Double Cream
897,Essential Soured Cream
898,Waitrose French crème fraîche
899,St Ivel cultured buttermilk
900,Essential Reduced Fat British Crème Fraîche
901,Essential Single Cream
902,Essential Soured Cream
903,Elmlea double
904,Elmlea single
905,Waitrose Extra Thick Double Cream
906,Rodda's Classic Cornish Clotted Cream
907,Essential Whipping Cream
908,Essential Single Cream
909,Yeo valley cream double
910,Arla lactofree cream
911,Isigny Ste Mère crème fraîche d'Isigny 40% fat
912,Anchor Original Real Cream
913,Yeo Valley organic single cream
914,Waitrose half fat French crème fraîche
915,Waitrose Duchy Double Cream
916,Waitrose Fat Free Fromage Frais
917,Elmlea Plant Double
918,Waitrose Jersey extra thick double cream
919,Oatly! Creamy Oat
920,Rodda's Classic Cornish Clotted Cream
921,Waitrose Jersey double cream
922,Oatly! Creamy Oat Fraiche
923,Anchor real dairy cream UHT light aerosol
924,Président Crème Vanilla Flavour
925,Waitrose fromage frais
926,Elmlea Plant Single
927,Court lodge bio pouring yogurt
928,Graham's Whole Milk
929,Biotiful Dairy Kefir Drink Baked Milk
930,Cathedral City Mature Cheddar
931,Waitrose Davidstow Cornish Cheddar Vintage Strength 7
932,Cathedral City Extra Mature Cheddar
933,Essential Mature British Cheddar Strength 4
934,Cathedral City Mature Lighter
935,Castello Tickler Extra Mature Cheddar
936,Essential Extra Mature British Cheddar Strength 6
937,Waitrose Davidstow Cornish Cheddar Mature Strength 5
938,Essential Extra Mature British Cheddar Strength 6
939,Waitrose Davidstow Cornish Cheddar Extra Mature S6
940,Castello Tickler Vintage Cheddar
941,Essential Extra Mature Grated Cheddar Strength 6
942,Essential Medium British Cheddar Strength 3
943,Cathedral City Grated Mature Cheddar
944,Cathedral City Mini Mature Cheddar
945,Cathedral City Mature Cheddar 6 Sandwich Slices
946,Waitrose Davidstow Cornish Cheddar Vintage Strength 7
947,Essential Extra Mature Sliced 10s Cheddar Strength 6
948,Waitrose Cheddar with Chilli Strength 4
949,Waitrose Duchy Extra Mature Cheddar Strength 6
950,Seriously Strong Extra Mature Cheddar
951,Waitrose Duchy Mature Cheddar Strength 4
952,Waitrose Grated Cheddar & Mozzarella Strength 2
953,Essential Mature Grated Cheddar Strength 4
954,Waitrose Extra Mature Cheddar & Emmental Soufflés
955,Violife Epic Mature Block
956,Castello Tickler Mature Cheddar
957,Essential Mild British Cheddar Strength 2
958,Essential Medium Grated Cheddar Strength 3
959,Essential Medium Sliced 10s Cheddar Strength 3
960,Essential Medium British Cheddar Strength 3
961,Essential 50% Reduced Fat Mature Cheddar Strength 4
962,Arla lactofree mature lactose free Cheddar cheese
963,Cathedral City Mature Cheddar
964,Cathedral City Mini Mature Lighter
965,Essential 30% Reduced Fat Mature Grated Cheddar S4
966,Essential 30% Reduced Fat Extra Mature Cheddar S6
967,Essential Mature Sliced 10s Cheddar Strength 4
968,No.1 Vintage Reserve Quartz Cheddar
969,Waitrose Duchy Mild Cheddar Strength 2
970,Cathedral City Vintage Cheddar
971,Waitrose Davidstow Cornish Cheddar Mature Strength 5
972,Essential Extra Mature British Cheddar Strength 6
973,Essential Mature British Cheddar Strength 4
974,Seriously Original Spreadable
975,No.1 Extra Mature Cornish Quartz Cheddar Strength 6
976,Applewood Cheddar
977,Waitrose Duchy Mature Farmhouse Cheddar Strength 5
978,Essential 10 Cheesy Slices Strength 2
979,Essential Mature British Cheddar Strength 4
980,Waitrose Somerset Cheddar Vintage Strength 7
981,Seriously Strong Vintage Cheddar
982,Waitrose Somerset Cheddar Mature Strength 5
983,Essential 30% Reduced Fat Mature Sliced Cheddar 10s
984,Waitrose Duchy Medium Cheddar Strength 3
985,Waitrose Davidstow Cornish Cheddar Extra Mature S6
986,Essential Medium British Cheddar Strength 3
987,Eatlean Protein Cheese
988,Essential English Cheddar Grated Strength 4
989,Cathedral City Extra Mature Cheddar
990,Waitrose Duchy Mild Cheddar Sticks Strength 2
991,Essential 30% Reduced Fat Mature Cheddar Strength 4
992,Essential Mild British Cheddar Strength 2
993,Applewood Slices
994,No.1 Keen's Mature Cheddar
995,Seriously Creamy Mature Cheddar
996,Yeo Valley Organic Mature Cheddar
997,Essential English Cheddar Grated Strength 3
998,Essential Mild Sliced 10s Cheddar Strength 2
999,Essential Mild Grated British Cheddar Strength 2
1000,Waitrose 6 Cheese Selection
1001,Mexicana Original Hot! Slices
1002,Essential English Medium Cheddar Strength 3
1003,Yeo Valley Organic Mild Cheddar
1004,Essential English Extra Mature Cheddar Strength 6
1005,Essential English Mature Cheddar strength 4
1006,Cathedral City Nibbles Mild
1007,White Rabbit Farmhouse Focaccine Cheddar & Onion
1008,Waitrose 3 Cheese Selection
1009,Waitrose Three Cheese Bake
1010,Monterey Jack 1840 Cheese Slices
1011,Waitrose Grated Mozzarella Strength 1
1012,Waitrose Grated Parmigiano Reggiano DOP Strength 6
1013,Essential Sliced Dutch Gouda 10s Strength 2
1014,Waitrose 10 Jarlsberg Slices Strength 3
1015,Galbani Parmigiano Reggiano DOP
1016,Leerdammer Light 8 Slices
1017,Emmi Raclette Pure Classic Slices
1018,Leerdammer Original 8 Slices
1019,Essential Sliced Dutch Edam 10s Strength 2
1020,Président Emmental 10 Slices
1021,Waitrose Grated Swiss Gruyère Strength 3
1022,Port Salut 6 original slices
1023,Waitrose Shaved Parmigiano Reggiano DOP Strength 6
1024,Président Emmental Grated
1025,Essential Grana Padano DOP Grated
1026,Violife Slices
1027,Galbani Paesano Grattugiato Dry Grated Cheeses
1028,Violife Grated
1029,Essential Sliced Mozzarella 10s Strength 1
1030,Chavroux Pur Chèvre Slices
1031,Castello Blue 5 Cheese Slices
1032,Attis Cyprus Halloumi 4 Burger Slices
1033,Sheese Vegan Grated Mozzarella Style
1034,Waitrose Vegan Original Grated
1035,No.1 Le Cret Gruyere Strength 6
1036,No.1 Mountain Comté AOP
1037,No.1 Burrata
1038,No.1 Manchego Curado DOP
1039,No.1 Greek Barrel Aged Feta PDO Strength 4
1040,No.1 Ossau Iraty AOP
1041,No.1 Gorgonzola DOP Piccante
1042,No.1 Cave Aged Goat's Cheese
1043,No.1 Goat's Milk Gouda
1044,No.1 Chaource AOP
1045,Waitrose 1 Lincolnshire Poacher
1046,No.1 Halloumi with Mint
1047,No.1 Cropwell Bishop Blue Stilton PDO
1048,No.1 Beemster Dutch Gouda
1049,No.1 Rouzaire Brie De Meaux
1050,No.1 Cave Aged Roquefort AOP
1051,No.1 Berthaut's Epoisses AOP
1052,No.1 Kirkham's Lancashire
1053,No.1 Moody's Rosary Ash
1054,No.1 Kit Calvert Wensleydale
1055,No.1 Blue D'Affinois
1056,No.1 Reblochon Savoie AOP Louis Capt
1057,No.1 Mature Wookey Hole Cheddar
1058,No.1 Fior Delle Alpi
1059,No.1 30 Month Parmigiano Reggiano
1060,No.1 Torta di Gorgonzola
1061,No.1 Morbier Ash
1062,No.1 Le Fleuret Goat's Cheese
1063,No.1 Membrillo Paste
1064,No.1 Badoz Vacherin Du Haut-Doubs A.O.P
1065,No.1 St Marcellin
1066,No.1 Cote Hill Lindum
1067,No.1 Orchard Fruit & Nut Press for Cheese
1068,Waitrose No1 Coeur du Berry S3
1069,No.1 Saint Vernier
1070,No.1 Il Nocciolo
1071,No.1 Highmoor
1072,No.1 La Retorta
1073,No.1 Robiola Bosina
1074,No.1 Bix
1075,Waitrose Somerset Brie Strength 2
1076,Essential French Brie Strength 2
1077,Le Rustique Camembert
1078,Président Brie
1079,Président 6 Crispy Bakes with Brie
1080,Le Rustique le Bon Brie
1081,Waitrose Baking Camembert with Red Onion
1082,Castello Extra Creamy Brie
1083,Waitrose Baking Camembert Strength 3
1084,Waitrose Duchy Cornish Brie Strength 2
1085,Président Camembert
1086,Waitrose French Ripe Brie Strength 5
1087,Président Brie 5 Portions
1088,Waitrose French Camembert Strength 3
1089,Le Rustique Deliciously Creamy Camembert
1090,Isigny Ste-Mère Raw Milk Camembert
1091,Waitrose 2 Breaded Cornish Baking Camemberts
1092,Everest Paneer Indian Cooking Cheese
1093,Essential Soft Cheese Strength 1
1094,Essential Natural Cottage Cheese
1095,Essential Cambozola Blue Brie Strength 2
1096,Boursin Garlic & Herbs Soft Cheese
1097,Philadelphia Original Soft Cheese
1098,Philadelphia Original Soft Cheese
1099,Essential Fat Free Natural Cottage Cheese
1100,Philadelphia Light Soft Cheese
1101,Castello Creamy Blue
1102,Capricorn Somerset Goats Cheese
1103,Essential Low Fat Pineapple Cottage Cheese
1104,Essential English Goat's Cheese Strength 2
1105,Port Salut
1106,Essential Low Fat Natural Cottage Cheese
1107,Waitrose Duchy Cottage Cheese
1108,Philadelphia Light Soft Cheese Mini Tubs
1109,Essential 50% Reduced Fat Soft Cheese
1110,Paysan Breton Cream Cheese French Sea Salt
1111,Waitrose British Soft Goats' Cheese
1112,Waitrose Duchy Soft Cheese
1113,Pié d'Angloys
1114,Essential Fat Free Quark Soft Cheese
1115,Essential Low Fat Natural Cottage Cheese
1116,Essential French Soft Goat's Cheese Strength 2
1117,Chavroux Fresh Pure Soft Goat's Cheese
1118,Galbani Dolcelatte Mild & Creamy Blue
1119,St Helen's Farm Mature Goats Cheese
1120,Saint Agur Blue Crème
1121,Nush Almond M•lk Ch•ese Chive
1122,Dairylea Cheese Spread
1123,Philadelphia Garlic & Herbs Soft Cheese
1124,Boursin Black Pepper Soft Cheese
1125,The Laughing Cow Light with Blue Cheese 8 Triangles
1126,Philadelphia Light Soft Cheese
1127,Waitrose Gorgonzola Dolce DOP Strength 3
1128,Boursin Velvety Garlic & Herbs Soft Cheese
1129,Président Goats Cheese Cubes
1130,Arla Lactofree Soft White Cheese
1131,Waitrose Taleggio Strength 4
1132,Société Roquefort
1133,Castello Danish Blue
1134,The Laughing Cow Original Spread
1135,Paysan Breton Luxurious Cream Cheese Garlic & Herb
1136,Dairylea Dunkers Jumbo Tubes with Cheese
1137,Light & Free Cottage Cheese Natural
1138,Paysan Breton Luxurious Cream Cheese Blue
1139,Castello Soft Cheese Mini Selection
1140,Light & Free Cottage Cheese Vegetables & Thyme
1141,Waitrose Vegan Original Soft Spreadable
1142,Rians Le Roulé
1143,No.1 Reblochon De Savoie AOP
1144,Waitrose Long Clawson Stilton Strength 4
1145,Saint Agur Blue
1146,Waitrose Long Clawson Stilton Strength 4
1147,Waitrose Duchy Cropwell Bishop Blue Stilton Strength 5
1148,Waitrose Long Clawson Shropshire Blue Strength 4
1149,Waitrose Roquefort Strength 5
1150,Cropwell Bishop Blue Stilton
1151,Shepherds Purse Harrogate Blue
1152,Waitrose Wensleydale with Cranberries Strength 2
1153,Essential Parmigiano Reggiano DOP
1154,Essential Italian Mozzarella Strength 1
1155,Essential Greek Feta Strength 3
1156,Waitrose Parmigiano Reggiano DOP Strength 6
1157,Waitrose Yorkshire Wensleydale Mango & Ginger Strength 2
1158,Galbani Mozzarella Cucina
1159,Galbani Mozzarella
1160,Essential 2 Italian Mozzarella Strength 1
1161,Chavroux Pure Goat's Milk Cheese Log
1162,Waitrose Wensleydale with Apricots Strength 2
1163,Essential Grana Padano DOP
1164,Essential Italian Ricotta Strength 1
1165,Waitrose Double Gloucester Onion & Chive Strength 3
1166,Waitrose Norwegian Jarlsberg Strength 3 Medium
1167,Emmi Fondü Cheese Original
1168,Waitrose French Comté AOP Strength 4
1169,Essential Edam Strength 2
1170,Essential Italian Mascarpone Strength 1
1171,Essential Dutch Gouda Strength 2
1172,Président Emmental
1173,Essential Beechwood Smoked Cheese Strength 3
1174,Waitrose Duchy Greek Feta Strength 3
1175,Waitrose Pecorino Romano PDO Strength 5
1176,Waitrose Greek Feta Strength 3
1177,Waitrose Swiss Le Gruyère Réserve AOP Strength 5
1178,Galbani Mozzarella Maxi
1179,Waitrose Spanish Manchego D.O.P. Strength 3
1180,Odysea Feta Sheep & Goat's Milk
1181,Odysea Greek crumbly cheese
1182,Galbani Ricotta
1183,Waitrose Vegetarian Italian Hard Cheese Strength 4
1184,Essential Italian Lighter Mozzarella Strength1
1185,Waitrose Duchy Parmigiano Reggiano DOP Strength 6
1186,Essential Italian Mozzarella Minis Strength 1
1187,Waitrose Chèvre Blanc Strength 2
1188,Waitrose Parmigiano Reggiano DOP Strength 6
1189,Galbani Burrata
1190,Essential Greek Light Salad Cheese Strength 3
1191,Galbani Mozzarella di Bufala Mini
1192,Galbani Mascarpone
1193,Odysea Organic Feta PDO
1194,Odysea Sheep's Milk Feta
1195,Odysea Feta Snack Portions
1196,Violife Creamy
1197,Waitrose Lactose Free Greek Feta Strength 3
1198,Galbani 20 mini mozzarella
1199,Galbani Pecorino Romano DOP
1200,essential Waitrose Parmigiano Reggiano cheese
1201,Laverstoke Park Farm Buffalo Mozzarella
1202,Garofalo Mozzarella di Bufala
1203,Waitrose Duchy Italian Mozzarella Strength 1
1204,Granarolo Scamorza Affumicata
1205,Essential Cypriot Halloumi Strength 1
1206,Essential Cypriot Light Halloumi Strength 1
1207,St Helen's Farm Mild Goats Cheese
1208,Woodlands Melbury Sheep Milk Cheese
1209,Bettine Mild Goat's Cheese Plain Pearls
1210,Odysea Manouri Cheese PDO
1211,Bettine Mild Goat's Cheese Plain Slices
1212,Waitrose Duchy Cypriot Halloumi Strength 1
1213,Milky's Halum British halloumi style cheese
1214,Waitrose Lactose Free Cypriot Halloumi Strength 1
1215,Odysea Greek Saganaki Kefalotyri Cheese
1216,Seriously Original 6 Cheese Nuggets
1217,Mini Babybel 12s
1218,The Laughing Cow Original 8 Cheese Triangles
1219,The Laughing Cow Light 16 Triangles
1220,Mini Babybel Light
1221,Mini Babybel
1222,Cheestrings 8 Pack
1223,Marmite Cheddar Bites
1224,Ilchester Cheese Selection 12 Cheese Portions
1225,Mini Babybel Mixed Pack x9
1226,Mini Babybel Organic
1227,Cheestrings Twisted 8 Pack
1228,Babybel Mini Rolls
1229,Cheestrings 4 Pack
1230,Dairylea Lunchables Ham 'n' Cheese
1231,Cheestrings Twisted 4 Pack
1232,Waitrose Belton Red Leicester Strength 3
1233,Wensleydale Creamery Yorkshire Wensleydale
1234,Waitrose Belton Double Gloucester Strength 3
1235,Essential Red Leicester Strength 3
1236,Belton Farm Red Fox Aged Red Leicester
1237,Waitrose Belton Cheshire Strength 2
1238,Waitrose Dewlay Lancashire Strength 3
1239,Waitrose Belton Wensleydale Strength 2
1240,Applewood Vegan
1241,Violife Greek White Block
1242,Koko Dairy Free Cheddar
1243,Koko Dairy Free Alternative to Soft Cream Cheese
1244,Sheese Mild Cheddar Style
1245,Waitrose Vegan 2 Breaded Baking Melts with Relish
1246,Conference Pears
1247,Essential Red Seedless Grapes
1248,Essential Green Seedless Grapes
1249,Waitrose Pink Lady Apples
1250,Waitrose Speciality Figs
1251,Waitrose Sable Grapes
1252,Waitrose Granny Smith Apples
1253,Waitrose Walnuts
1254,Stone Baked Grand Rustique
1255,Essential Biscuits for Cheese
1256,Waitrose Almonds
1257,Waitrose Pecans
1258,Stonebaked Baguette
1259,Waitrose DUCHY Dried Figs
1260,Waitrose 1 Grand Pain 800g
1261,Opies pickled walnuts
1262,Pave Rustique
1263,Waitrose Spanish caperberries
1264,No.1 Biscuits for Cheese
1265,Thomas.J.Fudge's Many-Shaped Biscuits for Cheese
1266,Essential Leeks
1267,Essential Sweet Potatoes
1268,Essential Courgettes
1269,Essential Carrots
1270,Essential Onions
1271,Essential Parsnips
1272,Cooks' Ingredients Large Garlic
1273,Cooks' Ingredients Root Ginger
1274,Essential Home Ripening Salad Avocado
1275,Essential Red Onions
1276,Essential Large Potatoes
1277,Essential Brussels Sprouts
1278,Essential Butternut Squash
1279,Waitrose Fennel
1280,Echalion Shallots
1281,Celeriac
1282,Essential White Cabbage
1283,Red Cabbage
1284,Essential Cup Mushrooms
1285,Large Red Potatoes
1286,Waitrose Trimmed Cauliflower
1287,Shallots
1288,Waitrose Flat Portabello Mushrooms
1289,Small New Potatoes
1290,Duchy Butternut Squash
1291,Red Cabbage
1292,Waitrose Golden Butternut
1293,Cooks' Ingredients Garlic Grappe
1294,Assorted Squash
1295,White Cabbage
1296,Maris Piper Potatoes
1297,Essential Large Potatoes
1298,Duchy Baby Potatoes
1299,Baby New Potatoes
1300,King Edward Potatoes
1301,Essential Potatoes
1302,Waitrose Baby Potatoes
1303,Essential Charlotte Potatoes
1304,Duchy Organic Sweet Potatoes
1305,Ruby Gem Potatoes
1306,Red Potatoes
1307,Albert Bartlett Potatoes
1308,Waitrose Diced Butternut & Sweet Potato
1309,Duchy Potatoes
1310,Albert Bartlett Elfe Potatoes
1311,Baking Potatoes
1312,Waitrose Miniature Potatoes
1313,Extra Large Potatoes
1314,Waitrose Mashed Potato
1315,Waitrose La Ratte Potatoes
1316,Essential Mashed Potatoes
1317,Waitrose Duchy Baking Potatoes
1318,Waitrose Crispy Potato Slices
1319,Waitrose Parmentier Potatoes
1320,Waitrose potato gratin
1321,Sweet Potatoes
1322,Albert Bartlett Rooster Potatoes
1323,Essential Turnips
1324,Essential Less Perfect Potatoes
1325,Waitrose 2 Cheesy Filled Jacket Potatoes
1326,Waitrose Seasoned Charlotte Potatoes
1327,Albert Bartlett Apache Potatoes
1328,Waitrose cheddar mash
1329,Waitrose Potato Wedges with Sour Cream Dip
1330,Stokes Purple Sweet Potato
1331,Waitrose Sweet Potato Fries
1332,Essential Salad Onions Bunched
1333,Essential Onions
1334,Waitrose Onions
1335,Red Onions
1336,Cooks' Ingredients Garlic
1337,Essential Red Onions
1338,Duchy Brown Onions
1339,Duchy Organic Salad Onions
1340,Waitrose Cooks' Ingredients Diced Onions
1341,Continental Salad Onions
1342,Waitrose Duchy Garlic
1343,Trimmed Salad Onions
1344,Duchy Organic Red Onions
1345,Onions
1346,Cooks' Ingredients peeled garlic cloves
1347,Cooks' Ingredients four onions fresh & diced
1348,Cooks' Ingredients red onion sliced
1349,Waitrose Large Onions
1350,Small Onions
1351,Cooks' Ingredients Black Garlic
1352,Cooks' Ingredients Red Chillies
1353,Cooks' Ingredients Mixed Thai Chillies
1354,Cooks' Ingredients Green Chillies
1355,Cooks' Ingredients lemon grass
1356,Cooks' Ingredients mixed chillies
1357,Cooks' Ingredients red & green chillies
1358,Cooks' Ingredients Turmeric
1359,Cooks' Ingredients jalapeno chillies
1360,Limited Selection Horseradish
1361,Essential Red Peppers
1362,Essential Mixed Peppers
1363,Sweet Peppers
1364,Essential Green Peppers
1365,Romano Peppers
1366,Duchy Organic Romano Peppers
1367,Essential Yellow Peppers
1368,Essential Orange Peppers
1369,Duchy Organic Peppers
1370,Waitrose mixed romano peppers
1371,Sweet Baby Red Peppers
1372,Essential Less Than Perfect Peppers
1373,Waitrose Butternut Squash Slices
1374,Essential Carrots
1375,Duchy Carrots
1376,Essential Parsnips
1377,Essential Swede
1378,Duchy Carrots
1379,Baby Topped Carrots
1380,Sweet Kingdom Carrots
1381,Chantenay Carrots
1382,Duchy Parsnips
1383,Waitrose Sweet Kingdom Orange Mini Carrots
1384,Essential Carrot Batons
1385,Waitrose Baby Parsnips
1386,Waitrose DOrg Bunched Carrots
1387,Essential Vegetable Selection
1388,Essential Large Parsnips
1389,No.1 Baby Rainbow Carrots
1390,Mash Direct Carrot & Parsnip
1391,Trio of Chantenay Carrots
1392,Sweet Kingdom Coloured Carrots
1393,Essential Less Than Perfect Carrots
1394,Waitrose Sweet Kingdom Rainbow Mini Carrots
1395,Baby Leeks
1396,Essential Cup Mushrooms
1397,Button Mushrooms
1398,Duchy Organic Chestnut Mushrooms
1399,Waitrose Large Flat Mushrooms
1400,Essential Mushrooms
1401,Duchy Organic White Cup Mushrooms
1402,Shiitake Mushrooms
1403,No.1 Woodland Mushrooms
1404,Leckford Estate Portabella Mushrooms
1405,British King Oyster Mushrooms
1406,Essential Aubergines
1407,Essential Courgettes
1408,Courgettes
1409,Baby Courgettes
1410,Waitrose Duchy Aubergine
1411,Tenderstem Broccoli Spears
1412,essential Waitrose Loose Cauliflower
1413,Waitrose trimmed tenderstem broccoli
1414,Duchy Broccoli
1415,Broccoli Crown
1416,Duchy Tenderstem Broccoli
1417,Purple sprouting broccoli spears
1418,Tenderstem Broccoli Tips
1419,Waitrose Baby Cauliflowers
1420,Duchy Cauliflower
1421,"Waitrose Carrot, Cauliflower & Broccoli"
1422,Cauliflower & Broccoli Florets
1423,No.1 Sweet Sprouting Cauliflower
1424,Waitrose trimmed baby sprouts
1425,Essential Spinach
1426,Essential Pointed Spring Cabbage
1427,Trimmed Sprouts
1428,Waitrose Baby Spinach
1429,Duchy Spinach
1430,Essential Kale
1431,Brussels Sprouts
1432,Waitrose ready washed spinach
1433,Duchy Organic Pointed Spring Cabbage
1434,Baby Leaf Greens
1435,Green Pak Choi
1436,Essential Savoy Cabbage
1437,Waitrose Duchy Kale
1438,Essential Spring Greens
1439,Pentland Brig Kale
1440,Essential Spinach
1441,Waitrose ready washed spinach
1442,Waitrose Baby pak choi
1443,Swiss Chard
1444,Kalettes
1445,Thick Cut Cavolo Nero
1446,Waitrose Trimmed Sprouts
1447,Savoy Cabbage
1448,Good4U Salad Topper Super Sprouts
1449,Limited Selection Tat Soi
1450,Good4U Salad Topper Lentil Sprout Mix
1451,Waitrose Cooking Spinach
1452,Fine Green Beans
1453,Trimmed Fine Green Beans
1454,Waitrose Sliced Runner Beans
1455,Waitrose Trimmed Sugar Snap Peas
1456,Trimmed Sugar Snap Peas
1457,Waitrose Stringless Helda Beans
1458,Essential Sweetcorn
1459,Waitrose Extra Fine Beans
1460,Waitrose Sliced Fine Green Beans
1461,Baby Sugar Snaps
1462,Fine Green Beans
1463,Essential Runner Beans
1464,Waitrose Baby Corn
1465,Waitrose trimmed mange tout peas
1466,Waitrose Sweetcorn Kebabs
1467,Essential Round Beans
1468,Waitrose Duchy Green Beans
1469,Waitrose Sliced Runner Beans
1470,Waitrose Popped Garden Peas
1471,Waitrose Ltd Sel Little Runners
1472,Waitrose ready popped petits pois
1473,Okra
1474,Essential Green Celery
1475,Duchy Celery
1476,Cooks' Celery
1477,Essential Celery Sticks
1478,Waitrose Baby Beetroot
1479,Essential Radish
1480,Bunched Beetroot
1481,Waitrose Mixed Radish
1482,Duchy Organic Cooked Beetroot
1483,G's Beetroot
1484,Waitrose Chilli Beetroot
1485,Waitrose Red Cabbage
1486,Waitrose Fresh Beetroot Pouch
1487,Duchy Organic Beetroot
1488,Waitrose Baby Beetroot with Horseradish
1489,Waitrose Asparagus
1490,Jerusalem Artichokes
1491,Globe Artichoke
1492,Waitrose Egg Noodles
1493,Waitrose Water Chestnut & Bamboo Stir Fry
1494,Essential Beansprouts
1495,"Waitrose Rice, Quinoa & Vegetable Stir Fry"
1496,Waitrose Brown Rice & Green Vegetable Stir Fry
1497,Waitrose Mushroom Stir Fry
1498,Waitrose Superbright Stir Fry
1499,Waitrose Mixed Pepper Stir Fry
1500,Waitrose Plum & Hoisin Sauce
1501,Waitrose Soy & Ginger Sauce
1502,Waitrose Rice Noodles
1503,Waitrose Butternut Squash & Edamame Stir Fry
1504,Waitrose Sweet Chilli Sauce
1505,Waitrose Coconut & Lemongrass Sauce
1506,Waitrose Katsu Curry Sauce
1507,Essential Crunchy Vegetable Stir Fry
1508,Waitrose Teriyaki Sauce
1509,Lee Kum Kee Honey & Soy Stir-Fry Sauce
1510,Yo! Sweet & Sticky Teriyaki Sauce
1511,Lee Kum Kee Kung Pao Chicken
1512,Yo! Aromatic Katsu Curry
1513,Lee Kum Kee Char Siu Sauce
1514,Waitrose Lentil Noodles
1515,Lee Kum Kee Chilli Garlic Sauce
1516,"Yo! Soy, Ginger & Garlic Yakisoba"
1517,"Waitrose Mushroom, Wild Rice & Green Lentils"
1518,"Waitrose Carrot, Tenderstem Broccoli & Sugar Snap Peas"
1519,"Waitrose Chickpea, Spinach & Quinoa"
1520,Baby Corn & Sugar Snap Peas
1521,Tenderstem Broccoli & Fine Beans
1522,Waitrose Cauliflower & Kale Couscous
1523,Waitrose Wheatberries Lentils & Green Vegetables
1524,Waitrose Mediterranean Roasting Vegetables
1525,"Essential Carrot, Swede & Potato Mash"
1526,Tenderstem Broccoli & Chantenay Carrots
1527,Cooks' Ingredients Casserole Vegetables
1528,Cooks' Ingredients soffritto mix
1529,Waitrose Vegetable Layers
1530,Samphire 90g
1531,"Waitrose Carrot, Broccoli,Green Beans & Baby Corn"
1532,Mixed Vegetable Selection
1533,Waitrose Asparagus & Mixed Vegetable Steamer
1534,"Mash Direct Potato, Cheese & Onion Croquettes"
1535,Waitrose Root Vegetable & Kale Soup Mix
1536,Waitrose Baby Sprouts
1537,Waitrose Prepared Carrots Broccoli & Sprouts
1538,"Waitrose Peas, Cabbage & Tenderstem Layers"
1539,"Waitrose Butternut, Beetroot, Carrot & Celeriac"
1540,Waitrose Sweet Potato Crispy Slices
1541,Waitrose Paprika Spiced Hasselback Potatoes
1542,"Waitrose Broccoli, Green Beans, Sugar Snap Peas & Kale"
1543,"Waitrose Mixed Grain, Courgette & Pea"
1544,Mash Direct Beer Battered Onion Rings
1545,"Waitrose Baby Potatoes, Carrots & Broccoli"
1546,Waitrose Colourful Veg Medley
1547,Waitrose Sliced Potatoes
1548,Lettuce Little Gem
1549,Duchy Organic Large Vine Tomatoes
1550,Duchy Cherry Vine Tomatoes
1551,Duchy Organic Baby Plum Tomatoes
1552,Duchy Organic Ridge Cucumber
1553,Duchy Organic Vine Tomatoes
1554,Duchy Romaine Lettuce
1555,Duchy Organic Capri Tomatoes
1556,Cherry Vine Tomatoes
1557,Celery Hearts
1558,Cooks' Ingredients mint
1559,Waitrose red chicory
1560,Cooks' Ingredients Forced Rhubarb
1561,Cooks' Ingredients tarragon
1562,No.1 Jack Hawkins Tomatoes
1563,Cooks' Ingredients mint
1564,No.1 Marmonde Tomatoes
1565,Cooks' Ingredients mint pot
1566,Limited Selection Baby chicory
1567,Waitrose Classic Vine Tomatoes
1568,Essential Tomatoes
1569,Essential Cherry Tomatoes
1570,Waitrose vine tomatoes
1571,Cherry Vine Tomatoes
1572,No.1 Red Choice Tomatoes
1573,Essential Cherry Tomatoes
1574,Waitrose Baby Plum Tomatoes
1575,Baby Plum Tomatoes
1576,Pome Dei Moro Tomatoes
1577,Waitrose Mixed Baby Tomatoes
1578,Essential Plum Tomatoes
1579,Essential Slicing Tomatoes
1580,Waitrose Golden Baby Plum Tomatoes
1581,Essential Tomatoes
1582,Waitrose San Marzano Tomatoes
1583,"Steve's Leaves Pea Shoots, Baby Spinach & Baby Chard"
1584,Steve's Leaves Baby Watercress & Little Leaves
1585,Waitrose Wild Rocket
1586,Waitrose Watercress
1587,Duchy Organic Babyleaf & Rocket Salad
1588,Essential Mixed Salad
1589,Waitrose Babyleaf Herb Salad
1590,Steve's Leaves Sweet Beets & Little Leaves
1591,"Waitrose Watercress, Rocket & Spinach Salad"
1592,Waitrose Babyleaf Salad
1593,Essential Mixed Salad
1594,Waitrose Caesar Salad
1595,Waitrose Butterhead Salad
1596,Essential Iceberg Lettuce
1597,Waitrose Wild Rocket Salad
1598,Florette Classic Crispy Salad
1599,Waitrose Watercress Rocket & Spinach
1600,Waitrose pea shoots
1601,Essential Crunchy Salad
1602,Waitrose Baby Leaf Salad
1603,Essential Sweet Salad
1604,Florette Power of Wild Rocket & Baby Kale Salad
1605,Florette Baby Leaf Trio
1606,Essential Little Gem Lettuce
1607,Waitrose ruby gem lettuce
1608,essential Waitrose Iceberg Lettuce
1609,Essential Romaine Hearts
1610,Sweet Cos
1611,Essential Round Lettuce
1612,Waitrose Chinese leaf
1613,Waitrose Chicory
1614,Waitrose Dolce Verde Lettuce Hearts
1615,Waitrose Padron Peppers
1616,Cooks' Ingredients Coriander
1617,Cooks' Ingredients flat leaf parsley
1618,Cooks' Ingredients coriander
1619,Cooks' Ingredients Basil
1620,Cooks' Ingredients flat leaf parsley
1621,Cooks' Ingredients Basil Potted
1622,Cooks' Ingredients dill leaves
1623,Cooks' Ingredients chives
1624,Cooks' Ingredients Thyme
1625,Cooks' Ingredients Coriander Pot
1626,Cooks' Ingredients Basil Potted Large
1627,Cooks' Ingredients curly leaf parsley
1628,Cooks' Ingredients Rosemary
1629,Cooks' Ingredients Curly Parsley Medium Pot
1630,Cooks' Ingredients sage
1631,Cooks' Ingredients Dill Leaves
1632,Cooks' Ingredients Thai basil
1633,Cooks' Ingredients Flat Parsley
1634,Cooks' Ingredients thyme potted
1635,Cooks' Ingredients large basil
1636,Cooks' Ingredients oregano
1637,Cooks' Ingredients Garden Chives Pot
1638,Cooks' Ingredients Curry Leaves
1639,Cooks' Ingredients Bay Leaf
1640,Cooks' Ingredients lemon thyme
1641,Cooks' Ingredients rosemary pot
1642,B Sow Healthy Microgreens Selection
1643,Essential Cucumber
1644,Duchy Organic Salad Cucumber
1645,Essential Large Cucumber
1646,Essential Beetroot Salad
1647,Essential Beetroot Salad
1648,Waitrose Perfectly Ripe Avocado
1649,Perfectly Ripe Avocados
1650,Perfectly Ripe & Ripen at Home Avocados
1651,Essential Greenskin Avocado
1652,Duchy Avocado
1653,Perfectly Ripe Extra Large Avocados
1654,Duchy Organic Ripe Avocados
1655,Small Ripe Avocados
1656,Essential Salad Cress
1657,Essential Coleslaw
1658,Waitrose Deli Style Coleslaw
1659,Waitrose Yogurt Dressed Coleslaw
1660,Essential Potato Salad
1661,Waitrose Celeriac Remoulade
1662,Waitrose Deli Style Coleslaw
1663,Waitrose Deli Style Cheese Coleslaw
1664,Waitrose Fruity Coleslaw
1665,Waitrose Coleslaw & Potato Salad Twin Pot
1666,Waitrose Yogurt Dressed Charlotte Potato Salad
1667,Waitrose Coleslaw & Potato Salad Twin Pot
1668,Waitrose Coleslaw Side Salad
1669,Waitrose ciabatta croutons with black pepper & sea salt
1670,Waitrose Fresh Caesar Dressing
1671,Waitrose cheese & shallot croutons
1672,Waitrose Fresh French dressing
1673,Lucy's Original French Dressing
1674,Lucy's Lime & Chilli Asian Dressing
1675,Waitrose Fresh Reduced Fat Caesar Dressing
1676,Good4U Salad Topper Super Seeds
1677,Waitrose Aged Balsamic Dressing
1678,Waitrose Fresh Wildflower Honey & Mustard Dressing
1679,Heinz Zesty Lemon Salad Dressing Spray
1680,Heinz Chilli & Lime Salad Dressing Spray
1681,Essential Side Salad
1682,Hurly Burly Raw Sauerkraut Original
1683,Essential Salad Bowl
1684,Waitrose Moroccan Spiced Fruity Couscous
1685,Waitrose Smoky Mixed Bean Salad
1686,Waitrose Greek Style Side Salad with Dressing
1687,Waitrose Pesto Pasta
1688,"Waitrose Beetroot, Feta & Walnut Salad"
1689,Waitrose Bright & Crunchy Rainbow Salad
1690,Taiko Salmon Poke
1691,Waitrose Couscous & Roasted Vegetable Salad
1692,Waitrose Edamame Bean Salad
1693,Waitrose Chicken Caesar Salad
1694,Waitrose Chickpea & Bean Dahl Salad
1695,Waitrose Rainbow Side Salad
1696,Waitrose MSC Tuna Niçoise Salad
1697,Waitrose Avocado & Feta Side Salad
1698,Hurly Burly Raw Sauerkraut Turmeric and Cumin
1699,Waitrose Oriental Black Quinoa Salad
1700,Waitrose Wheatberry & Bean Salad
1701,LoveLife Roasted Vegetables Tomato & Couscous
1702,Waitrose Tomato & Mozzarella
1703,"Waitrose Pesto, Spinach & Pinenut Pasta"
1704,Waitrose Potato & Egg Salad with Salad Dressing
1705,Waitrose Moroccan Spiced Fruity Couscous
1706,"GOOD TO GO ham hock, egg & potato salad"
1707,GOOD TO GO Layered Prawn Pasta Salad
1708,"GOOD TO GO wheatberry, beetroot & goats cheese"
1709,Waitrose LoveLife feta & lemon quinoa salad
1710,"GOOD TO GO Avocado, Feta & Rice Salad"
1711,Waitrose Summer Vegetable Salad
1712,Waitrose Tomato & Mozzarella Salad with Dressing
1713,Waitrose Roasted Vegetable Couscous
1714,"Waitrose Chicken, Tomato & Basil Pasta"
1715,Waitrose Tomato & Mozzarella Pasta
1716,Waitrose Hot Smoked Salmon & Grains
1717,GOOD TO GO Tuna Niçoise Salad
1718,LoveLife Harissa Chicken & Tabbouleh Salad
1719,GOOD TO GO Honey & Mustard Chicken Pasta
1720,Waitrose LOVE Life Egg & Spinach Protein Pot
1721,"Waitrose Chicken, Bacon & Sweetcorn Pasta"
1722,Waitrose Vegan Pesto Pasta
1723,essential Waitrose Fairtrade Bananas
1724,Essential Lemon
1725,Supersweet Large Pineapple
1726,Essential Bramley Cooking Apples
1727,Essential Lime
1728,Essential Conference Pears
1729,Essential Red Grapefruit Star Ruby
1730,Navel Late Large Orange
1731,Supersweet Pineapple Small
1732,Essential Galia Melon
1733,Essential Galia Melon
